{"inputUnits":[99],"outputUnits":4,"inputs":{"0":{"dtype":"number","min":0.3279244899749756,"max":0.595191478729248},"1":{"dtype":"number","min":0.2786758542060852,"max":0.4193938970565796},"2":{"dtype":"number","min":-1.53948974609375,"max":-0.05561166629195213},"3":{"dtype":"number","min":0.33407989144325256,"max":0.6105713248252869},"4":{"dtype":"number","min":0.25209367275238037,"max":0.34674298763275146},"5":{"dtype":"number","min":-1.441535472869873,"max":-0.012772733345627785},"6":{"dtype":"number","min":0.3397979736328125,"max":0.617224931716919},"7":{"dtype":"number","min":0.2487870454788208,"max":0.34793639183044434},"8":{"dtype":"number","min":-1.4408044815063477,"max":-0.012706251814961433},"9":{"dtype":"number","min":0.3468090891838074,"max":0.6239968538284302},"10":{"dtype":"number","min":0.2452961802482605,"max":0.3496745824813843},"11":{"dtype":"number","min":-1.4400734901428223,"max":-0.012706251814961433},"12":{"dtype":"number","min":0.32374781370162964,"max":0.5873411893844604},"13":{"dtype":"number","min":0.25878268480300903,"max":0.35191214084625244},"14":{"dtype":"number","min":-1.4817405939102173,"max":-0.019346078857779503},"15":{"dtype":"number","min":0.3213834762573242,"max":0.5781213641166687},"16":{"dtype":"number","min":0.258886456489563,"max":0.35802340507507324},"17":{"dtype":"number","min":-1.4817405939102173,"max":-0.019695106893777847},"18":{"dtype":"number","min":0.31833013892173767,"max":0.5683714747428894},"19":{"dtype":"number","min":0.2586357593536377,"max":0.3607442378997803},"20":{"dtype":"number","min":-1.481009602546692,"max":-0.019794827327132225},"21":{"dtype":"number","min":0.37390604615211487,"max":0.6244205832481384},"22":{"dtype":"number","min":0.2479991912841797,"max":0.380448579788208},"23":{"dtype":"number","min":-0.865506112575531,"max":0.16447490453720093},"24":{"dtype":"number","min":0.32536107301712036,"max":0.5466952323913574},"25":{"dtype":"number","min":0.2667653560638428,"max":0.3736690282821655},"26":{"dtype":"number","min":-1.044601559638977,"max":0.13774940371513367},"27":{"dtype":"number","min":0.34386175870895386,"max":0.5981695055961609},"28":{"dtype":"number","min":0.29952144622802734,"max":0.48324012756347656},"29":{"dtype":"number","min":-1.319458246231079,"max":0.00890850368887186},"30":{"dtype":"number","min":0.3309779763221741,"max":0.5706048011779785},"31":{"dtype":"number","min":0.3055136799812317,"max":0.4826502799987793},"32":{"dtype":"number","min":-1.3720903396606445,"max":0.0009182739304378629},"33":{"dtype":"number","min":0.4583660662174225,"max":0.7636657953262329},"34":{"dtype":"number","min":0.3351143002510071,"max":0.7513434886932373},"35":{"dtype":"number","min":-0.4693031311035156,"max":0.157826766371727},"36":{"dtype":"number","min":0.2616642117500305,"max":0.470424085855484},"37":{"dtype":"number","min":0.33454135060310364,"max":0.7731301784515381},"38":{"dtype":"number","min":-0.81141197681427,"max":0.1503089815378189},"39":{"dtype":"number","min":0.43532779812812805,"max":0.9319456815719604},"40":{"dtype":"number","min":0.14306068420410156,"max":1.0564069747924805},"41":{"dtype":"number","min":-0.4619133472442627,"max":0.13813602924346924},"42":{"dtype":"number","min":0.1667197346687317,"max":0.518259584903717},"43":{"dtype":"number","min":0.15255355834960938,"max":1.289461612701416},"44":{"dtype":"number","min":-1.0204784870147705,"max":0.2938046157360077},"45":{"dtype":"number","min":0.28094810247421265,"max":0.9748188257217407},"46":{"dtype":"number","min":0.04287618398666382,"max":1.5164761543273926},"47":{"dtype":"number","min":-1.0087825059890747,"max":0.17582611739635468},"48":{"dtype":"number","min":0.19606822729110718,"max":0.6834801435470581},"49":{"dtype":"number","min":0.05210846662521362,"max":1.6694551706314087},"50":{"dtype":"number","min":-1.657912015914917,"max":0.32467591762542725},"51":{"dtype":"number","min":0.24146004021167755,"max":1.0192017555236816},"52":{"dtype":"number","min":0.013263225555419922,"max":1.6519891023635864},"53":{"dtype":"number","min":-1.1484037637710571,"max":0.1593567132949829},"54":{"dtype":"number","min":0.16590669751167297,"max":0.7148728370666504},"55":{"dtype":"number","min":0.018049418926239014,"max":1.8073408603668213},"56":{"dtype":"number","min":-1.8508964776992798,"max":0.3212052881717682},"57":{"dtype":"number","min":0.23549120128154755,"max":0.9656797647476196},"58":{"dtype":"number","min":0.011315405368804932,"max":1.6758478879928589},"59":{"dtype":"number","min":-1.2770601511001587,"max":0.2008352130651474},"60":{"dtype":"number","min":0.22445210814476013,"max":0.7170703411102295},"61":{"dtype":"number","min":0.016622722148895264,"max":1.8086122274398804},"62":{"dtype":"number","min":-1.9444646835327148,"max":0.2906638979911804},"63":{"dtype":"number","min":0.24956455826759338,"max":0.9454047679901123},"64":{"dtype":"number","min":0.023318171501159668,"max":1.626046895980835},"65":{"dtype":"number","min":-1.0935786962509155,"max":0.18924564123153687},"66":{"dtype":"number","min":0.2436780333518982,"max":0.7051680684089661},"67":{"dtype":"number","min":0.031926870346069336,"max":1.7589876651763916},"68":{"dtype":"number","min":-1.7266261577606201,"max":0.3111405074596405},"69":{"dtype":"number","min":0.486733078956604,"max":0.7169939279556274},"70":{"dtype":"number","min":0.6571726202964783,"max":1.61777663230896},"71":{"dtype":"number","min":-0.05952102690935135,"max":0.13468708097934723},"72":{"dtype":"number","min":0.3944125175476074,"max":0.455183744430542},"73":{"dtype":"number","min":0.6472203135490417,"max":1.6507229804992676},"74":{"dtype":"number","min":-0.12399617582559586,"max":0.06047544255852699},"75":{"dtype":"number","min":0.4534514844417572,"max":0.7525182366371155},"76":{"dtype":"number","min":0.8780980110168457,"max":2.329068183898926},"77":{"dtype":"number","min":-0.17130257189273834,"max":0.11662745475769043},"78":{"dtype":"number","min":0.34900417923927307,"max":0.48500174283981323},"79":{"dtype":"number","min":0.8432003259658813,"max":2.3487277030944824},"80":{"dtype":"number","min":-0.1472492814064026,"max":0.10260450094938278},"81":{"dtype":"number","min":0.40906834602355957,"max":0.7670046091079712},"82":{"dtype":"number","min":1.0510928630828857,"max":2.9603614807128906},"83":{"dtype":"number","min":-0.0048531400971114635,"max":1.0709176063537598},"84":{"dtype":"number","min":0.3072146773338318,"max":0.5139399170875549},"85":{"dtype":"number","min":1.0429813861846924,"max":2.965989351272583},"86":{"dtype":"number","min":-0.05710749700665474,"max":0.5946699380874634},"87":{"dtype":"number","min":0.3987709879875183,"max":0.7669370174407959},"88":{"dtype":"number","min":1.072908639907837,"max":3.0734901428222656},"89":{"dtype":"number","min":0.000014072106750973035,"max":1.171064853668213},"90":{"dtype":"number","min":0.2974995970726013,"max":0.5142660140991211},"91":{"dtype":"number","min":1.067812442779541,"max":3.071915864944458},"92":{"dtype":"number","min":-0.055977314710617065,"max":0.6505916118621826},"93":{"dtype":"number","min":0.3940478563308716,"max":0.7674447298049927},"94":{"dtype":"number","min":1.1111700534820557,"max":3.151484966278076},"95":{"dtype":"number","min":-0.13681866228580475,"max":0.7653588652610779},"96":{"dtype":"number","min":0.31363990902900696,"max":0.5650227665901184},"97":{"dtype":"number","min":1.112392783164978,"max":3.158626079559326},"98":{"dtype":"number","min":-0.21185393631458282,"max":0.34965863823890686}},"outputs":{"label":{"dtype":"string","min":0,"max":1,"uniqueValues":["up","rest","left","right"],"legend":{"up":[1,0,0,0],"rest":[0,1,0,0],"left":[0,0,1,0],"right":[0,0,0,1]}}},"isNormalized":true}